frame_id,class_name,score,center_distance_m,box
000011,Pedestrian,0.7032749056816101,34.40636444091797,"[34.33918762207031, -2.148966073989868, -1.3434890508651733, 0.9738306999206543, 0.5111928582191467, 1.8299835920333862, 2.1035962104797363]"
000011,Pedestrian,0.649998128414154,18.0756893157959,"[16.25296974182129, 7.910214424133301, -1.7256923913955688, 0.694398820400238, 0.4914073944091797, 1.6141924858093262, 3.2288455963134766]"
000011,Pedestrian,0.5591835379600525,40.67137908935547,"[39.58159637451172, 9.351909637451172, -1.467512607574463, 0.921360969543457, 0.5049358606338501, 1.7957948446273804, 0.021259188652038574]"
000011,Pedestrian,0.5387780070304871,13.711142539978027,"[12.733802795410156, -5.083865165710449, -1.4448447227478027, 0.9889902472496033, 0.7038924694061279, 1.8166217803955078, 4.085266590118408]"
000011,Pedestrian,0.4849989712238312,14.734363555908203,"[13.640047073364258, -5.572305202484131, -1.4329099655151367, 0.8120586276054382, 0.5377115607261658, 1.6413631439208984, 4.272330284118652]"
000011,Pedestrian,0.41760846972465515,24.585975646972656,"[19.745241165161133, -14.64908218383789, -1.1964737176895142, 0.5560161471366882, 0.6627353429794312, 1.6084916591644287, 1.0646263360977173]"
000011,Pedestrian,0.3370913565158844,15.452410697937012,"[10.48500919342041, 11.35084056854248, -1.6966243982315063, 0.9878034591674805, 0.6519795656204224, 2.0232551097869873, 3.246405601501465]"
000011,Pedestrian,0.3285333216190338,43.61912155151367,"[42.97525405883789, -7.466948986053467, -1.1801127195358276, 0.7978979349136353, 0.6829180717468262, 1.930795431137085, 0.5795754194259644]"
000011,Cyclist,0.5557907223701477,29.521703720092773,"[21.94009780883789, -19.752546310424805, -1.0020376443862915, 1.8909229040145874, 0.8537262082099915, 1.6154857873916626, -1.4299014806747437]"
000011,Cyclist,0.3114635646343231,29.901044845581055,"[29.595699310302734, -4.26228141784668, -1.394728422164917, 1.362383484840393, 0.5565270185470581, 1.6766492128372192, 1.7913137674331665]"
000011,Cyclist,0.2902579605579376,17.914257049560547,"[10.511980056762695, 14.505823135375977, -1.610349178314209, 1.662964940071106, 0.5369426608085632, 1.7057838439941406, 3.289980888366699]"
000011,Cyclist,0.255488783121109,27.14965057373047,"[21.964710235595703, -15.957913398742676, -1.0870966911315918, 1.7675583362579346, 0.6508347392082214, 1.7438371181488037, 4.344733715057373]"
000011,Car,0.9532081484794617,6.838159084320068,"[4.440191268920898, 5.200492858886719, -1.8902007341384888, 3.8400063514709473, 1.5362356901168823, 1.4375369548797607, 3.099140167236328]"
000011,Car,0.7897819876670837,27.36147689819336,"[26.898412704467773, 5.012563228607178, -1.5653985738754272, 3.8777856826782227, 1.5830951929092407, 1.84731924533844, 3.1504101753234863]"
000011,Car,0.6028229594230652,2.973073959350586,"[0.769936203956604, -2.8716487884521484, -1.8378665447235107, 3.8323330879211426, 1.6012943983078003, 1.4920154809951782, -0.07276618480682373]"
000011,Car,0.5246824026107788,29.840999603271484,"[20.398134231567383, -21.7807559967041, -1.005509376525879, 4.0615234375, 1.607235312461853, 1.4306559562683105, 1.5757700204849243]"
000011,Car,0.2599929869174957,29.129098892211914,"[23.767518997192383, -16.840707778930664, -0.9343690872192383, 4.256997585296631, 1.6482164859771729, 1.4714897871017456, -0.4809631109237671]"
000011,Car,0.25452426075935364,45.66680908203125,"[44.81330490112305, -8.787786483764648, -1.14620041847229, 4.017055511474609, 1.6163939237594604, 1.539400339126587, 3.369276523590088]"
000015,Pedestrian,0.7647309303283691,24.643159866333008,"[24.52384376525879, -2.4220707416534424, -1.6443212032318115, 0.8358103036880493, 0.6454973220825195, 1.763437271118164, 3.067365884780884]"
000015,Pedestrian,0.7452716827392578,12.662549018859863,"[8.076227188110352, 9.752676963806152, -1.822253942489624, 0.9341135025024414, 0.5901501774787903, 1.859904408454895, 3.690340995788574]"
000015,Pedestrian,0.6880084872245789,4.454507827758789,"[1.7229617834091187, 4.107802391052246, -1.7316443920135498, 0.8064966201782227, 0.6482770442962646, 1.7021205425262451, 0.40276849269866943]"
000015,Pedestrian,0.6579676866531372,7.5652265548706055,"[7.097681999206543, -2.6183128356933594, -1.597575306892395, 0.7111284136772156, 0.6863235235214233, 1.767396330833435, -0.6322106719017029]"
000015,Pedestrian,0.6372575163841248,9.151703834533691,"[7.886512279510498, -4.642908573150635, -1.5328478813171387, 0.607886791229248, 0.6975213289260864, 1.7468335628509521, 3.50943660736084]"
000015,Pedestrian,0.6342529654502869,5.487957000732422,"[0.7546806931495667, 5.435819149017334, -1.7487785816192627, 0.9270700812339783, 0.5486942529678345, 1.7142630815505981, 1.5105267763137817]"
000015,Pedestrian,0.5967739820480347,5.522140026092529,"[2.8439319133758545, 4.733506202697754, -1.7520086765289307, 0.7822093367576599, 0.6776191592216492, 1.7656182050704956, 0.22552645206451416]"
000015,Pedestrian,0.5784717202186584,7.035628795623779,"[4.323973178863525, 5.550074577331543, -1.725403070449829, 0.7186213135719299, 0.7037820816040039, 1.8037189245224, 0.4796375036239624]"
000015,Pedestrian,0.5531793236732483,5.769668102264404,"[4.083550930023193, 4.07598876953125, -1.7358773946762085, 0.6916679739952087, 0.696368932723999, 1.8114173412322998, 0.3301246166229248]"
000015,Pedestrian,0.5530441403388977,40.87091064453125,"[40.86422348022461, -0.739229142665863, -1.5107519626617432, 0.8188356757164001, 0.6736106872558594, 1.8258051872253418, 0.18298590183258057]"
000015,Pedestrian,0.5052409172058105,23.67946434020996,"[23.605260848999023, 1.873155117034912, -1.6049578189849854, 1.00589120388031, 0.6472799181938171, 1.8816797733306885, 0.3300365209579468]"
000015,Pedestrian,0.49813705682754517,8.211512565612793,"[6.3562116622924805, 5.198798656463623, -1.7861998081207275, 0.8024752736091614, 0.7149109840393066, 1.7746950387954712, 0.01446378231048584]"
000015,Pedestrian,0.4632401168346405,12.942173957824707,"[12.60512924194336, -2.934382200241089, -1.6465404033660889, 0.423865407705307, 0.7139670848846436, 1.511142373085022, 2.753537178039551]"
000015,Pedestrian,0.4134743809700012,8.822158813476562,"[5.686160564422607, -6.745225429534912, -1.4814050197601318, 0.6912810802459717, 0.617094874382019, 1.6085609197616577, -0.2924841642379761]"
000015,Pedestrian,0.40552616119384766,6.296040058135986,"[2.153395175933838, 5.91633415222168, -1.7568609714508057, 0.6014534831047058, 0.5934024453163147, 1.7122316360473633, -0.001935720443725586]"
000015,Pedestrian,0.36562949419021606,18.572444915771484,"[17.959604263305664, -4.731630325317383, -1.6687935590744019, 0.586951732635498, 0.7084522247314453, 1.6393601894378662, 0.4124641418457031]"
000015,Pedestrian,0.36516129970550537,14.239413261413574,"[12.921411514282227, -5.983144760131836, -1.6126630306243896, 0.8064513206481934, 0.6545047163963318, 1.489874005317688, 0.16163980960845947]"
000015,Pedestrian,0.352059930562973,19.116226196289062,"[14.336567878723145, 12.644877433776855, -1.94338059425354, 0.8263606429100037, 0.6563238501548767, 1.7634562253952026, 2.6144776344299316]"
000015,Pedestrian,0.32464882731437683,14.653274536132812,"[11.975809097290039, -8.443840980529785, -1.4233264923095703, 0.7192277312278748, 0.5744691491127014, 1.824976921081543, 3.321162700653076]"
000015,Pedestrian,0.2997652590274811,11.982131004333496,"[10.633928298950195, -5.521870136260986, -1.556176781654358, 0.8547527194023132, 0.538416862487793, 1.8095265626907349, 1.449663519859314]"
000015,Pedestrian,0.2961086928844452,17.22545623779297,"[17.004404067993164, -2.7507483959198, -1.6456108093261719, 0.8253588080406189, 0.5444373488426208, 1.6539174318313599, -0.5394707918167114]"
000015,Pedestrian,0.2763121724128723,6.170111179351807,"[2.775892734527588, 5.5104169845581055, -1.754314661026001, 0.4844936430454254, 0.643344521522522, 1.599686861038208, 2.9403164386749268]"
000015,Cyclist,0.44815295934677124,39.894142150878906,"[36.64995574951172, 15.75827693939209, -1.3125327825546265, 1.601327657699585, 0.5521435737609863, 1.7268325090408325, 2.614150285720825]"
000015,Cyclist,0.43464741110801697,8.280244827270508,"[6.405698299407959, 5.24685525894165, -1.7678074836730957, 1.798635721206665, 0.6544835567474365, 1.7834116220474243, 0.0841301679611206]"
000015,Cyclist,0.41811326146125793,23.712669372558594,"[18.633947372436523, 14.665149688720703, -1.738660216331482, 1.5483185052871704, 0.4708946645259857, 1.700683832168579, 3.415909767150879]"
000015,Cyclist,0.30718499422073364,13.718343734741211,"[7.860268592834473, 11.243182182312012, -1.8288768529891968, 1.7391183376312256, 0.5187119245529175, 1.7019238471984863, 1.157875895500183]"
000015,Cyclist,0.28602519631385803,43.441219329833984,"[42.75260925292969, -7.704157829284668, -1.386906385421753, 1.711361050605774, 0.7335177659988403, 1.8519054651260376, -1.049160122871399]"
000015,Cyclist,0.28435173630714417,41.87692642211914,"[41.309051513671875, 6.873071193695068, -1.2845690250396729, 1.805023431777954, 0.4829418957233429, 1.7631951570510864, 2.4883008003234863]"
000015,Cyclist,0.2824317514896393,20.15689468383789,"[19.798686981201172, 3.7831761837005615, -1.6434369087219238, 1.7763404846191406, 0.6810706853866577, 1.7411949634552002, 3.0887420177459717]"
000015,Car,0.8786383271217346,5.192688465118408,"[4.364719867706299, 2.813046932220459, -1.7864699363708496, 4.307594299316406, 1.683478593826294, 1.6048099994659424, 2.989920139312744]"
000015,Car,0.2702757716178894,42.86897277832031,"[34.09310531616211, 25.988632202148438, -2.4064669609069824, 3.6267447471618652, 1.5771549940109253, 1.4532864093780518, -1.1879433393478394]"
000001,Pedestrian,0.3228171765804291,5.50948429107666,"[3.354034662246704, -4.370912075042725, -1.6138417720794678, 0.7389498949050903, 0.6214416027069092, 1.6962851285934448, 3.0890092849731445]"
000001,Pedestrian,0.3004138469696045,13.01143741607666,"[6.838730812072754, -11.069293975830078, -1.3783338069915771, 0.6918017864227295, 0.5553109645843506, 1.597528338432312, -0.8764309287071228]"
000001,Pedestrian,0.26116085052490234,13.959805488586426,"[10.057470321655273, -9.681087493896484, -1.3914546966552734, 0.8318077921867371, 0.5787619948387146, 1.7597712278366089, -1.553909420967102]"
000001,Pedestrian,0.20291568338871002,9.5277681350708,"[2.7462995052337646, -9.123387336730957, -1.460831880569458, 0.7599198818206787, 0.5761562585830688, 1.5867069959640503, -1.502587914466858]"
000001,Pedestrian,0.1744004786014557,11.446887016296387,"[6.529043197631836, -9.402276992797852, -1.4100890159606934, 0.773409366607666, 0.566034197807312, 1.6325870752334595, -1.097072720527649]"
000001,Cyclist,0.17788611352443695,35.54871368408203,"[25.081315994262695, 25.192033767700195, -2.1107420921325684, 1.5918612480163574, 0.40644338726997375, 1.6094366312026978, -0.5073453187942505]"
000001,Car,0.5516331195831299,61.13539505004883,"[58.811466217041016, 16.695741653442383, -1.446723461151123, 3.9896228313446045, 1.593088984489441, 1.458204984664917, 3.264478921890259]"
000001,Car,0.38656899333000183,30.63323402404785,"[29.777099609375, -7.191622734069824, -1.3778760433197021, 3.771038055419922, 1.5670040845870972, 1.533297061920166, -0.15868258476257324]"
000001,Car,0.32464510202407837,37.55314254760742,"[37.37042236328125, -3.7000269889831543, -1.3841767311096191, 4.044571399688721, 1.6197236776351929, 1.596286654472351, 2.9999184608459473]"
000001,Car,0.3153018653392792,38.69708251953125,"[16.34482765197754, 35.07578659057617, -2.155634880065918, 3.9060184955596924, 1.6431130170822144, 1.4658182859420776, -0.17621254920959473]"
000001,Car,0.27497848868370056,44.46528244018555,"[39.67597198486328, 20.074323654174805, -1.8953571319580078, 3.63254451751709, 1.5945724248886108, 1.5255507230758667, 3.1403589248657227]"
000001,Car,0.19952145218849182,42.12749099731445,"[33.30956268310547, 25.791440963745117, -2.1483330726623535, 3.8055098056793213, 1.5712779760360718, 1.4430267810821533, 3.5458288192749023]"
000001,Car,0.18885409832000732,33.39545440673828,"[19.879634857177734, 26.8338680267334, -2.208315372467041, 3.9725964069366455, 1.6861375570297241, 1.4985613822937012, 2.861236572265625]"
000007,Pedestrian,0.40943223237991333,36.79786682128906,"[7.378813743591309, -36.05046463012695, -1.3389179706573486, 0.9237037897109985, 0.6575508713722229, 1.9936039447784424, 3.6841378211975098]"
000007,Pedestrian,0.27913257479667664,34.50565719604492,"[8.359648704528809, -33.47770309448242, -1.477687120437622, 0.8404796719551086, 0.6282022595405579, 1.8635748624801636, -0.2473130226135254]"
000007,Pedestrian,0.25807517766952515,39.80686950683594,"[24.25777816772461, -31.561796188354492, -1.4177255630493164, 0.7533109784126282, 0.6953489184379578, 1.966722846031189, 2.7413649559020996]"
000007,Pedestrian,0.24959076941013336,38.94561767578125,"[23.61359977722168, -30.970293045043945, -1.4401626586914062, 0.9350948333740234, 0.49947914481163025, 1.8885555267333984, 2.721538543701172]"
000007,Pedestrian,0.2340962290763855,27.69045066833496,"[23.177534103393555, 15.151335716247559, -1.6543395519256592, 0.8429194688796997, 0.6256136298179626, 1.7311190366744995, 0.11108100414276123]"
000007,Pedestrian,0.20478758215904236,16.120222091674805,"[2.9028260707855225, 15.856707572937012, -1.7720026969909668, 0.7297520041465759, 0.630746603012085, 1.8956072330474854, 0.521332859992981]"
000007,Cyclist,0.8897743821144104,36.605472564697266,"[34.37657165527344, 12.578231811523438, -1.487914800643921, 1.9343230724334717, 0.4896961748600006, 1.7717303037643433, 3.1447346210479736]"
000007,Cyclist,0.2443743795156479,41.68861389160156,"[29.634246826171875, -29.321523666381836, -1.5950632095336914, 1.687568187713623, 0.42226165533065796, 1.6786739826202393, -0.13451611995697021]"
000007,Car,0.9686934351921082,25.34328269958496,"[25.33180809020996, 0.7625595331192017, -1.521470308303833, 3.2811460494995117, 1.68648362159729, 1.6290470361709595, 0.03667426109313965]"
000007,Car,0.7328658103942871,48.3804817199707,"[47.791900634765625, 7.523636341094971, -1.4110350608825684, 3.746464252471924, 1.5148894786834717, 1.4608047008514404, 3.1579456329345703]"
000007,Car,0.4108872711658478,60.88466262817383,"[60.70513916015625, 4.672050952911377, -1.1594126224517822, 3.8323826789855957, 1.532799243927002, 1.478258490562439, 3.0413601398468018]"
000007,Car,0.38166409730911255,31.01016616821289,"[21.92744255065918, -21.927553176879883, -1.4624788761138916, 3.9258387088775635, 1.6941101551055908, 1.7115954160690308, -0.0539628267288208]"
000007,Car,0.2796838581562042,45.60575485229492,"[34.1043815612793, -30.278310775756836, -1.579627513885498, 3.8542020320892334, 1.6347036361694336, 1.5058245658874512, -1.3054167032241821]"
000008,Car,0.9519276022911072,14.801400184631348,"[14.76012134552002, -1.1046631336212158, -1.5373586416244507, 3.7437567710876465, 1.542850375175476, 1.4906119108200073, -0.31211209297180176]"
000008,Car,0.9417073726654053,8.200305938720703,"[8.108292579650879, 1.224992275238037, -1.5887396335601807, 3.6825461387634277, 1.5752865076065063, 1.5501245260238647, 2.8276777267456055]"
000008,Car,0.9156164526939392,7.517952919006348,"[6.441560745239258, -3.8763267993927, -1.7240562438964844, 3.1512696743011475, 1.5079405307769775, 1.446877360343933, -0.3276076316833496]"
000008,Car,0.8982257843017578,4.835524082183838,"[4.030516624450684, 2.6715595722198486, -1.631920337677002, 3.3710806369781494, 1.5763121843338013, 1.6236367225646973, -0.27743709087371826]"
000008,Car,0.8714113235473633,34.3460693359375,"[33.60702896118164, -7.086616039276123, -1.3757084608078003, 4.3361663818359375, 1.7496236562728882, 1.7403538227081299, 2.8678226470947266]"
000008,Car,0.7962633967399597,21.81698226928711,"[20.117170333862305, -8.442758560180664, -1.7187762260437012, 2.2491369247436523, 1.4838124513626099, 1.5182908773422241, -0.3569601774215698]"
000008,Car,0.7739599943161011,26.96198844909668,"[24.95444107055664, -10.209047317504883, -1.706133246421814, 3.8045084476470947, 1.6182043552398682, 1.4611397981643677, -0.406075119972229]"
000008,Car,0.6636929512023926,28.790510177612305,"[28.74993324279785, -1.5280261039733887, -1.2302733659744263, 4.148967266082764, 1.6273548603057861, 1.5671663284301758, 1.2428258657455444]"
000008,Car,0.6451435089111328,59.14457321166992,"[55.54935073852539, -20.306400299072266, -1.392188549041748, 4.367809295654297, 1.7144876718521118, 1.7603751420974731, 2.788393497467041]"
000008,Car,0.5039312839508057,42.073734283447266,"[40.90532302856445, -9.846510887145996, -1.3447887897491455, 3.8703150749206543, 1.5952237844467163, 1.5450726747512817, -0.3638797998428345]"
000010,Pedestrian,0.6540408730506897,24.997957229614258,"[23.54560661315918, -8.396567344665527, -1.5968079566955566, 1.1808204650878906, 0.7134593725204468, 2.0021848678588867, 3.3076705932617188]"
000010,Car,0.9570367336273193,12.354530334472656,"[12.114253997802734, 2.424720287322998, -1.612504482269287, 4.052601337432861, 1.6685514450073242, 1.4432390928268433, 2.982210159301758]"
000010,Car,0.9492358565330505,17.772275924682617,"[16.790462493896484, -5.825304985046387, -1.6297762393951416, 3.219413995742798, 1.5084017515182495, 1.4304776191711426, -0.13676297664642334]"
000010,Car,0.9445652961730957,7.007721424102783,"[5.473010063171387, -4.376564979553223, -1.6473417282104492, 3.36002254486084, 1.5898189544677734, 1.3922603130340576, -0.15414822101593018]"
000010,Car,0.9198779463768005,23.94761848449707,"[23.944087982177734, 0.4112011194229126, -1.557239055633545, 3.944018840789795, 1.659095048904419, 1.5588548183441162, 2.9689483642578125]"
000010,Car,0.8517665266990662,34.46725845336914,"[21.601789474487305, 26.858043670654297, -1.540320634841919, 3.027203321456909, 1.6588400602340698, 1.4646186828613281, 2.9757676124572754]"
000010,Car,0.8476119041442871,43.41085433959961,"[43.173309326171875, -4.5351481437683105, -1.4035205841064453, 3.5052008628845215, 1.5523380041122437, 1.651201605796814, 2.736194610595703]"
000010,Car,0.813998281955719,29.210203170776367,"[29.202667236328125, -0.6634829044342041, -1.5347093343734741, 3.442894697189331, 1.4869930744171143, 1.5006303787231445, 2.9721832275390625]"
000010,Car,0.7437681555747986,36.60492706298828,"[36.558345794677734, -1.8460702896118164, -1.477240800857544, 3.71806263923645, 1.552234411239624, 1.4752577543258667, 2.9729127883911133]"
000010,Car,0.7261323928833008,29.77822494506836,"[28.709423065185547, -7.906435012817383, -1.531211256980896, 4.173588275909424, 1.6269530057907104, 1.4790557622909546, -0.1488051414489746]"
000010,Car,0.7237181663513184,23.185958862304688,"[22.17095947265625, -6.7850751876831055, -1.5705492496490479, 3.6614835262298584, 1.5967210531234741, 1.4406359195709229, -0.15069735050201416]"
000010,Car,0.6896876692771912,5.8886590003967285,"[2.0165860652923584, 5.532601833343506, -1.7424383163452148, 4.496293067932129, 1.7232424020767212, 1.8135168552398682, 2.2740259170532227]"
000004,Pedestrian,0.5333713293075562,8.849181175231934,"[6.517736911773682, -5.985575199127197, -1.63126802444458, 1.0587960481643677, 0.7471601963043213, 1.9004621505737305, -0.2972365617752075]"
000004,Pedestrian,0.3361015319824219,8.08869457244873,"[1.4404244422912598, -7.959407329559326, -1.600231647491455, 0.927334725856781, 0.5629019737243652, 1.8116788864135742, 2.9729061126708984]"
000004,Pedestrian,0.28915706276893616,61.88009262084961,"[58.699951171875, 19.582172393798828, -1.3422644138336182, 0.78980553150177, 0.6095784902572632, 1.9139161109924316, 0.10218429565429688]"
000004,Pedestrian,0.2692941725254059,21.71285629272461,"[4.6289520263671875, -21.21369743347168, -1.5017684698104858, 0.7741901278495789, 0.7081738710403442, 1.689683198928833, 2.5632004737854004]"
000004,Pedestrian,0.2653743326663971,18.678834915161133,"[9.45937442779541, -16.10649299621582, -1.4699379205703735, 0.999273419380188, 0.5961672067642212, 1.8106707334518433, -1.3550673723220825]"
000004,Pedestrian,0.23378901183605194,19.294355392456055,"[12.901840209960938, -14.34624195098877, -1.586226463317871, 0.6224867701530457, 0.49717724323272705, 1.6476153135299683, 4.4018168449401855]"
000004,Pedestrian,0.19458602368831635,42.84722900390625,"[32.12867736816406, -28.348421096801758, -1.5552297830581665, 0.897290825843811, 0.7189619541168213, 1.88528311252594, -0.12311172485351562]"
000004,Pedestrian,0.17750661075115204,29.18741798400879,"[3.3485360145568848, -28.994701385498047, -2.1442158222198486, 0.7296521067619324, 0.7226485013961792, 1.895461916923523, -0.22490441799163818]"
000004,Car,0.9462378025054932,22.938175201416016,"[16.197296142578125, 16.242151260375977, -1.7664985656738281, 4.3071136474609375, 1.6506880521774292, 1.4874407052993774, 3.137113094329834]"
000004,Car,0.8899241089820862,41.51340866088867,"[38.42741394042969, 15.706586837768555, -1.6730320453643799, 3.795794725418091, 1.7103394269943237, 1.4364888668060303, 3.1189322471618652]"
000004,Car,0.5964236855506897,53.97893524169922,"[51.560943603515625, 15.974814414978027, -1.48301362991333, 3.8689558506011963, 1.5818594694137573, 1.45755934715271, 3.1031675338745117]"
000004,Car,0.22537608444690704,39.97557067871094,"[24.53703498840332, 31.559152603149414, -2.5111639499664307, 4.329464435577393, 1.5903979539871216, 1.5117818117141724, 3.2801194190979004]"
000004,Car,0.19008423388004303,45.469947814941406,"[29.016571044921875, 35.0079231262207, -2.2163214683532715, 4.214385509490967, 1.671587347984314, 1.5317716598510742, 3.675389289855957]"
000004,Car,0.18736954033374786,32.805904388427734,"[19.08199691772461, -26.685291290283203, -1.5993376970291138, 4.298666477203369, 1.7930774688720703, 1.6161738634109497, -0.3368624448776245]"
000004,Car,0.17193278670310974,63.654869079589844,"[60.35219955444336, 20.237443923950195, -1.357797622680664, 3.818272113800049, 1.6862729787826538, 1.760595440864563, 0.11204302310943604]"
000009,Pedestrian,0.3541969656944275,22.37657356262207,"[1.5494400262832642, 22.322864532470703, -1.4436438083648682, 0.7545215487480164, 0.6130063533782959, 1.7724215984344482, 2.6086668968200684]"
000009,Pedestrian,0.18470485508441925,18.511577606201172,"[1.9627230167388916, -18.4072322845459, -1.4788341522216797, 0.7163259387016296, 0.6639664173126221, 1.8903106451034546, 0.003644704818725586]"
000009,Pedestrian,0.15930618345737457,18.126426696777344,"[1.158623456954956, 18.089359283447266, -1.4744364023208618, 0.6027535200119019, 0.6293673515319824, 1.719268560409546, 3.875664710998535]"
000009,Car,0.9685437679290771,24.1761531829834,"[24.16710090637207, -0.6615222096443176, -1.5699889659881592, 3.166205644607544, 1.6618069410324097, 1.6084718704223633, -0.04058957099914551]"
000009,Car,0.3800234794616699,66.84998321533203,"[66.84983825683594, -0.13969139754772186, -1.2722296714782715, 4.0725626945495605, 1.5965936183929443, 1.50447678565979, 2.9998364448547363]"
000009,Car,0.3664545714855194,25.344697952270508,"[18.306901931762695, -17.527437210083008, -1.4876201152801514, 3.666769027709961, 1.574191927909851, 1.486332654953003, 2.6690893173217773]"
000009,Car,0.32208186388015747,68.8375015258789,"[68.79281616210938, 2.4799814224243164, -1.3306357860565186, 3.668825387954712, 1.5579535961151123, 1.4772902727127075, 2.9818687438964844]"
000009,Car,0.24827878177165985,36.27995681762695,"[35.910491943359375, -5.164464950561523, -1.4853042364120483, 4.35934591293335, 1.6832866668701172, 1.6286200284957886, 3.0737552642822266]"
000009,Car,0.15554530918598175,48.57963180541992,"[38.022335052490234, -30.237104415893555, -0.8753995299339294, 3.5742905139923096, 1.58842933177948, 1.5021731853485107, 0.04460930824279785]"
000012,Pedestrian,0.3795609474182129,31.839982986450195,"[20.643966674804688, -24.240692138671875, -1.9193642139434814, 0.6798852682113647, 0.6130849719047546, 1.8074474334716797, -1.4930673837661743]"
000012,Pedestrian,0.304897278547287,46.57923126220703,"[44.045867919921875, 15.15210247039795, -1.7869815826416016, 0.6407858729362488, 0.6576427817344666, 1.8005715608596802, 0.22238779067993164]"
000012,Pedestrian,0.24311360716819763,36.25322341918945,"[2.7031240463256836, 36.152305603027344, -1.024402379989624, 0.9267262816429138, 0.6859794855117798, 1.8928289413452148, 1.9428120851516724]"
000012,Pedestrian,0.14090490341186523,37.574581146240234,"[0.3999735713005066, -37.572452545166016, -1.7060308456420898, 1.000375747680664, 0.4697466194629669, 1.899398684501648, 1.9939390420913696]"
000012,Cyclist,0.7686760425567627,15.702924728393555,"[7.720021724700928, 13.674176216125488, -1.7258007526397705, 1.8683497905731201, 0.6419769525527954, 1.7788728475570679, -1.4035855531692505]"
000012,Cyclist,0.37467995285987854,24.057279586791992,"[12.81362247467041, -20.36083984375, -1.8420250415802002, 1.6039732694625854, 0.4302089214324951, 1.7073932886123657, -0.2460625171661377]"
000012,Cyclist,0.19861119985580444,31.98548698425293,"[20.718894958496094, -24.36798667907715, -1.8181554079055786, 1.5834494829177856, 0.5154644250869751, 1.6052730083465576, 2.737672805786133]"
000012,Cyclist,0.14725784957408905,38.04277420043945,"[2.3766062259674072, 37.968467712402344, -0.8121339678764343, 1.799221158027649, 0.6591541171073914, 1.8363993167877197, -1.2368947267532349]"
000012,Cyclist,0.1445460170507431,26.394718170166016,"[12.596443176269531, 23.195058822631836, -1.5087738037109375, 1.6859904527664185, 0.7869684100151062, 1.8472813367843628, 3.113323211669922]"
000012,Car,0.5843111872673035,59.40045928955078,"[59.15351867675781, -5.410709381103516, -2.1375067234039307, 3.6768789291381836, 1.6509135961532593, 1.536778450012207, 0.12368571758270264]"
000012,Car,0.30216196179389954,66.04754638671875,"[64.74555969238281, 13.049578666687012, -1.8371421098709106, 4.680531024932861, 1.7967045307159424, 1.6455426216125488, 3.295393705368042]"
000012,Car,0.25736376643180847,28.26393699645996,"[13.596444129943848, 24.778757095336914, -1.454439640045166, 4.04170036315918, 1.643768310546875, 1.5230308771133423, 1.1627660989761353]"
000012,Car,0.17647789418697357,48.20529556274414,"[45.24467849731445, 16.63338279724121, -1.6532740592956543, 4.145927906036377, 1.7514251470565796, 1.6993271112442017, 1.306315302848816]"
000012,Car,0.1315741091966629,48.48613739013672,"[48.454830169677734, 1.742116093635559, -2.1384506225585938, 4.153825283050537, 1.6091865301132202, 1.5584019422531128, 3.292813301086426]"
000012,Car,0.1312660127878189,43.75947570800781,"[30.590457916259766, -31.290821075439453, -2.4714200496673584, 3.861954927444458, 1.594123363494873, 1.459190011024475, -1.1843777894973755]"
000016,Pedestrian,0.20195600390434265,19.429798126220703,"[12.405630111694336, 14.953841209411621, -1.5883338451385498, 0.48390886187553406, 0.6186752915382385, 1.6043354272842407, -0.8497515916824341]"
000016,Cyclist,0.3049391806125641,15.621524810791016,"[0.8856073617935181, 15.59640121459961, -1.3452069759368896, 1.839741826057434, 0.4953962564468384, 1.7515044212341309, -0.31228578090667725]"
000016,Cyclist,0.21812772750854492,39.237335205078125,"[22.937131881713867, -31.83483123779297, -0.7806598544120789, 1.7306358814239502, 0.47453197836875916, 1.7841851711273193, -0.36844897270202637]"
000016,Car,0.9571163654327393,33.624366760253906,"[33.311126708984375, -4.578979969024658, -1.2170430421829224, 4.086251735687256, 1.675337791442871, 1.463951826095581, -0.2845703363418579]"
000016,Car,0.9480788111686707,7.20885705947876,"[6.134500980377197, 3.786227226257324, -1.748096227645874, 3.7722582817077637, 1.6615465879440308, 1.4810482263565063, -0.31260859966278076]"
000016,Car,0.9207228422164917,9.345671653747559,"[5.163880348205566, 7.789474964141846, -1.685368299484253, 3.6391310691833496, 1.6380287408828735, 1.4907537698745728, 2.8261239528656006]"
000016,Car,0.7211616039276123,44.58514404296875,"[44.38433074951172, -4.2268385887146, -1.081597089767456, 4.046542167663574, 1.5599267482757568, 1.4175634384155273, -0.3109779357910156]"
000016,Car,0.549105167388916,47.33565902709961,"[46.88498306274414, 6.516373634338379, -1.4428430795669556, 3.1467506885528564, 1.4588130712509155, 1.4525964260101318, 3.0150537490844727]"
000016,Car,0.37892335653305054,36.915504455566406,"[13.561670303344727, 34.33417510986328, -2.079049825668335, 3.3705837726593018, 1.4983018636703491, 1.5145883560180664, 0.484613299369812]"
000016,Car,0.22604690492153168,67.13155364990234,"[66.90226745605469, 5.543652534484863, -1.346495270729065, 4.062699794769287, 1.58674156665802, 1.504331111907959, 3.342958450317383]"
000016,Car,0.22526220977306366,34.65841293334961,"[14.351046562194824, 31.547630310058594, -2.222675085067749, 3.290070056915283, 1.51265549659729, 1.4627500772476196, 4.057714939117432]"
000049,Pedestrian,0.8808217644691467,5.745954513549805,"[5.033970355987549, -2.7704029083251953, -1.7825512886047363, 0.7906842827796936, 0.7509792447090149, 1.6260873079299927, -0.2696300745010376]"
000049,Pedestrian,0.7735773921012878,33.00136947631836,"[32.75396728515625, -4.033348560333252, -1.3358328342437744, 1.1021318435668945, 0.8082530498504639, 1.6488159894943237, 0.014605164527893066]"
000049,Car,0.9640555381774902,21.84874725341797,"[21.84614372253418, -0.33728086948394775, -1.3457136154174805, 3.430082082748413, 1.6892340183258057, 1.3176956176757812, 0.03851890563964844]"
000049,Car,0.9620040655136108,15.61240291595459,"[15.068954467773438, -4.083347320556641, -1.5945723056793213, 3.7595291137695312, 1.5887874364852905, 1.404403567314148, 0.002044081687927246]"
000049,Car,0.957401692867279,14.684952735900879,"[14.073539733886719, 4.193246841430664, -1.4394195079803467, 3.6739015579223633, 1.5363892316818237, 1.4307643175125122, 0.9724658727645874]"
000049,Car,0.9563554525375366,10.676706314086914,"[9.84417724609375, -4.133306980133057, -1.684455156326294, 3.7678945064544678, 1.6003538370132446, 1.4364267587661743, 0.011947870254516602]"
000049,Car,0.9284513592720032,19.22121238708496,"[17.462322235107422, 8.032575607299805, -1.3059613704681396, 3.4115960597991943, 1.4931596517562866, 1.4449942111968994, 2.943804979324341]"
000049,Car,0.8995110392570496,11.138108253479004,"[7.6419997215271, 8.102919578552246, -1.4867174625396729, 3.5233047008514404, 1.5577906370162964, 1.4805452823638916, 3.1687192916870117]"
000049,Car,0.8932790756225586,8.678718566894531,"[2.654242992401123, 8.262877464294434, -1.5916664600372314, 3.9776625633239746, 1.6349064111709595, 1.4772698879241943, 3.169184923171997]"
000049,Car,0.8851637244224548,15.532999992370605,"[5.892669200897217, 14.371866226196289, -1.4061639308929443, 4.208709239959717, 1.610369086265564, 1.5038307905197144, 3.1427981853485107]"
000049,Car,0.8685070276260376,20.822967529296875,"[20.373937606811523, -4.301011085510254, -1.4990649223327637, 4.185863494873047, 1.6799980401992798, 1.7802397012710571, 0.015051960945129395]"
000049,Car,0.8560284376144409,14.550537109375,"[12.160331726074219, 7.990273475646973, -1.4015793800354004, 4.023528575897217, 1.6539655923843384, 1.4785561561584473, 3.010202169418335]"
000049,Car,0.8411219120025635,35.8880500793457,"[35.88473129272461, -0.48788750171661377, -1.1655464172363281, 3.706846237182617, 1.6540552377700806, 1.5287096500396729, -0.021898388862609863]"
000049,Car,0.7861713767051697,33.38582992553711,"[32.03843307495117, -9.388947486877441, -1.383443832397461, 3.871182441711426, 1.6797115802764893, 1.6310744285583496, -1.423789381980896]"
000019,Pedestrian,0.4888806939125061,18.65968894958496,"[2.9719314575195312, -18.421499252319336, -1.0819928646087646, 0.9853946566581726, 0.6138434410095215, 1.854260802268982, 0.025586247444152832]"
000019,Pedestrian,0.2930390536785126,15.375570297241211,"[9.166983604431152, 12.344010353088379, -1.8746806383132935, 0.7143350839614868, 0.748450756072998, 2.0178542137145996, 3.346719741821289]"
000019,Pedestrian,0.2811044156551361,25.2462100982666,"[3.317887544631958, -25.027240753173828, -0.8589325547218323, 0.6103616952896118, 0.6842775940895081, 1.8043382167816162, -0.5473552942276001]"
000019,Pedestrian,0.27893301844596863,33.56425857543945,"[9.722129821777344, 32.12537384033203, -2.0201597213745117, 0.8372400403022766, 0.6437114477157593, 1.8516035079956055, 1.180810570716858]"
000019,Pedestrian,0.22955942153930664,11.143832206726074,"[8.828536987304688, -6.80014181137085, -1.4506094455718994, 0.6272634267807007, 0.6195544600486755, 1.6096614599227905, 4.225416660308838]"
000019,Pedestrian,0.21338234841823578,39.495304107666016,"[39.46910095214844, -1.4384582042694092, -1.930748701095581, 0.8446596264839172, 0.6183549761772156, 1.7552905082702637, 0.25342094898223877]"
000019,Pedestrian,0.21328499913215637,23.782878875732422,"[3.2990143299102783, -23.55295753479004, -1.0000039339065552, 0.6273835897445679, 0.7344707250595093, 1.6957182884216309, -0.16003012657165527]"
000019,Pedestrian,0.2086815983057022,13.671627044677734,"[2.9730544090270996, -13.344449996948242, -1.126913070678711, 0.8112251162528992, 0.6335225105285645, 1.8433884382247925, 2.8633668422698975]"
000019,Pedestrian,0.1916234791278839,29.087133407592773,"[7.830467224121094, 28.013301849365234, -2.3182895183563232, 0.5884258151054382, 0.7302676439285278, 1.7852106094360352, 0.25901126861572266]"
000019,Pedestrian,0.19048170745372772,28.26087188720703,"[10.043327331542969, 26.416065216064453, -2.227344512939453, 0.7697469592094421, 0.6328521966934204, 1.8805519342422485, 0.7675291299819946]"
000019,Pedestrian,0.1882876455783844,4.191861152648926,"[3.424997568130493, 2.416834831237793, -1.7916542291641235, 0.6506108641624451, 0.6685745120048523, 1.7356281280517578, -0.08474850654602051]"
000019,Pedestrian,0.18760035932064056,37.83576965332031,"[3.4100358486175537, -37.68178939819336, -0.5918407440185547, 0.7470346689224243, 0.6729384660720825, 1.7625075578689575, 3.0671539306640625]"
000019,Pedestrian,0.17692501842975616,14.841612815856934,"[2.8032898902893066, -14.57446575164795, -1.1216273307800293, 0.7593836188316345, 0.6675559878349304, 1.767981767654419, 3.269125461578369]"
000019,Pedestrian,0.17582397162914276,6.898467540740967,"[3.005664587020874, -6.209253787994385, -1.4494397640228271, 0.7603826522827148, 0.6208322644233704, 1.82449471950531, -0.43576323986053467]"
000019,Cyclist,0.42575913667678833,39.8197135925293,"[39.79389572143555, -1.4337209463119507, -1.9216192960739136, 1.63627028465271, 0.3714148700237274, 1.649418592453003, 0.1977938413619995]"
000019,Cyclist,0.3545660078525543,37.70500946044922,"[3.4123072624206543, -37.55028533935547, -0.5912668704986572, 1.7363134622573853, 0.7127651572227478, 1.8400052785873413, 1.7479420900344849]"
000019,Cyclist,0.225026935338974,31.396343231201172,"[2.815896511077881, 31.269811630249023, -2.0693492889404297, 1.6453142166137695, 0.4998280704021454, 1.6599868535995483, 2.737387180328369]"
000019,Cyclist,0.1927163451910019,15.44170093536377,"[8.9078950881958, 12.61330795288086, -1.9169464111328125, 1.8304164409637451, 0.6506690382957458, 1.9021819829940796, 2.0442276000976562]"
000019,Cyclist,0.17632074654102325,37.94314956665039,"[9.767280578613281, 36.66446304321289, -2.0406405925750732, 1.7679160833358765, 0.6329032778739929, 1.8821362257003784, 4.520601272583008]"
000019,Car,0.9507951736450195,10.51219367980957,"[10.109326362609863, -2.8823156356811523, -1.5824694633483887, 3.670619249343872, 1.5620110034942627, 1.4479981660842896, -0.06772220134735107]"
000019,Car,0.6046916246414185,60.011043548583984,"[59.89150619506836, 3.7858998775482178, -1.9143133163452148, 3.9930992126464844, 1.620522141456604, 1.5400432348251343, -0.10676145553588867]"
000019,Car,0.27724605798721313,35.85481643676758,"[35.775360107421875, -2.385654926300049, -1.749335527420044, 4.684385776519775, 1.9176653623580933, 1.9827094078063965, 0.011830329895019531]"
000019,Car,0.227929025888443,33.04996871948242,"[4.065102577209473, -32.799015045166016, -0.2767863869667053, 4.386962890625, 1.601689338684082, 1.495806336402893, 1.5472248792648315]"
000019,Car,0.1882205605506897,52.41978073120117,"[52.41673278808594, -0.5653204917907715, -1.8364883661270142, 4.210072040557861, 1.6999329328536987, 1.7874821424484253, 3.405808448791504]"
000019,Car,0.17260363698005676,16.38738441467285,"[4.255707263946533, -15.825148582458496, -1.0426032543182373, 3.7016313076019287, 1.630011796951294, 1.6468093395233154, 0.23401212692260742]"
