frame_id,run,latency_ms,device,pytorch,cuda
000011,1,66.43489998532459,NVIDIA GeForce GTX 1660 Ti,2.1.2+cu121,12.1
000011,2,66.81739998748526,NVIDIA GeForce GTX 1660 Ti,2.1.2+cu121,12.1
000011,3,70.9416999889072,NVIDIA GeForce GTX 1660 Ti,2.1.2+cu121,12.1
000011,4,63.93430000753142,NVIDIA GeForce GTX 1660 Ti,2.1.2+cu121,12.1
000011,5,65.822600008687,NVIDIA GeForce GTX 1660 Ti,2.1.2+cu121,12.1
000011,6,66.3516000204254,NVIDIA GeForce GTX 1660 Ti,2.1.2+cu121,12.1
000011,7,66.49719999404624,NVIDIA GeForce GTX 1660 Ti,2.1.2+cu121,12.1
000011,8,70.29249999322928,NVIDIA GeForce GTX 1660 Ti,2.1.2+cu121,12.1
000011,9,68.78669999423437,NVIDIA GeForce GTX 1660 Ti,2.1.2+cu121,12.1
000011,10,67.23360001342371,NVIDIA GeForce GTX 1660 Ti,2.1.2+cu121,12.1
000011,11,64.81589999748394,NVIDIA GeForce GTX 1660 Ti,2.1.2+cu121,12.1
000011,12,68.83509998442605,NVIDIA GeForce GTX 1660 Ti,2.1.2+cu121,12.1
000011,13,68.7694999796804,NVIDIA GeForce GTX 1660 Ti,2.1.2+cu121,12.1
000011,14,62.55049997707829,NVIDIA GeForce GTX 1660 Ti,2.1.2+cu121,12.1
000011,15,72.99679997959174,NVIDIA GeForce GTX 1660 Ti,2.1.2+cu121,12.1
000011,16,65.46129999333061,NVIDIA GeForce GTX 1660 Ti,2.1.2+cu121,12.1
000011,17,64.01960001676343,NVIDIA GeForce GTX 1660 Ti,2.1.2+cu121,12.1
000011,18,66.05990001116879,NVIDIA GeForce GTX 1660 Ti,2.1.2+cu121,12.1
000011,19,68.02879998576827,NVIDIA GeForce GTX 1660 Ti,2.1.2+cu121,12.1
000011,20,64.39129999489523,NVIDIA GeForce GTX 1660 Ti,2.1.2+cu121,12.1
