frame_id,score_thr,num_detections,num_car,num_pedestrian,num_cyclist,mean_score,median_score,min_score,max_score,mean_range_m,max_range_m
000011,0.1,18,6,8,4,0.48986002637280357,0.504840686917305,0.25452426075935364,0.9532081484794617,25.086262252595688,45.66680908203125
000015,0.1,31,2,22,7,0.4704543275217856,0.43464741110801697,0.2702757716178894,0.8786383271217346,16.91019227427821,43.441219329833984
000001,0.1,13,7,5,1,0.2831613283890944,0.27497848868370056,0.1744004786014557,0.5516331195831299,29.000859847435585,61.13539505004883
000007,0.1,13,5,6,2,0.42638906148763805,0.2796838581562042,0.20478758215904236,0.9686934351921082,37.18347065265362,60.88466262817383
000008,0.1,10,10,0,0,0.7961879670619965,0.8338373601436615,0.5039312839508057,0.9519276022911072,24.8489040851593,59.14457321166992
000010,0.1,12,11,1,0,0.8184533168872198,0.830805093050003,0.6540408730506897,0.9570367336273193,24.05218243598938,43.41085433959961
000004,0.1,15,7,8,0,0.36710188786188763,0.2653743326663971,0.17193278670310974,0.9462378025054932,34.05836486816406,63.654869079589844
000009,0.1,9,6,3,0,0.34879286421669853,0.32208186388015747,0.15554530918598175,0.9685437679290771,36.56472248501248,68.8375015258789
000012,0.1,15,6,4,5,0.28569351534048715,0.24311360716819763,0.1312660127878189,0.7686760425567627,38.83953692118327,66.04754638671875
000016,0.1,11,8,1,2,0.5137672884897753,0.37892335653305054,0.20195600390434265,0.9571163654327393,32.281257065859705,67.13155364990234
000049,0.1,14,12,2,0,0.8894607041563306,0.8892214000225067,0.7735773921012878,0.9640555381774902,18.627754075186594,35.8880500793457
000019,0.1,25,6,14,5,0.2845393192768097,0.21338234841823578,0.17260363698005676,0.9507951736450195,26.903847637176515,60.011043548583984
000011,0.3,14,4,8,2,0.5540868916681835,0.5472843647003174,0.3114635646343231,0.9532081484794617,23.692350353513444,43.61912155151367
000015,0.3,24,1,19,4,0.5245338988800844,0.5016889870166779,0.30718499422073364,0.8786383271217346,14.187260369459787,40.87091064453125
000001,0.3,6,4,2,0,0.36689668397108716,0.3237311393022537,0.3004138469696045,0.5516331195831299,31.089962641398113,61.13539505004883
000007,0.3,6,4,1,1,0.6322195380926132,0.5718765407800674,0.38166409730911255,0.9686934351921082,39.83698876698812,60.88466262817383
000008,0.3,10,10,0,0,0.7961879670619965,0.8338373601436615,0.5039312839508057,0.9519276022911072,24.8489040851593,59.14457321166992
000010,0.3,12,11,1,0,0.8184533168872198,0.830805093050003,0.6540408730506897,0.9570367336273193,24.05218243598938,43.41085433959961
000004,0.3,5,3,2,0,0.6604116916656494,0.5964236855506897,0.3361015319824219,0.9462378025054932,27.073678970336914,53.97893524169922
000009,0.3,5,4,1,0,0.4782601296901703,0.3664545714855194,0.32208186388015747,0.9685437679290771,41.51698188781738,68.8375015258789
000012,0.3,6,2,2,2,0.452381228407224,0.3771204501390457,0.30216196179389954,0.7686760425567627,40.60457070668539,66.04754638671875
000016,0.3,7,6,0,1,0.6828639038971492,0.7211616039276123,0.3049391806125641,0.9571163654327393,27.805246829986572,47.33565902709961
000049,0.3,14,12,2,0,0.8894607041563306,0.8892214000225067,0.7735773921012878,0.9640555381774902,18.627754075186594,35.8880500793457
000019,0.3,5,2,1,2,0.5649385273456573,0.4888806939125061,0.3545660078525543,0.9507951736450195,33.341529846191406,60.011043548583984
000011,0.5,9,4,4,1,0.6530578666263156,0.6028229594230652,0.5246824026107788,0.9532081484794617,22.599998739030625,40.67137908935547
000015,0.5,12,1,11,0,0.6494031399488449,0.6357552409172058,0.5052409172058105,0.8786383271217346,12.669633706410727,40.87091064453125
000001,0.5,1,1,0,0,0.5516331195831299,0.5516331195831299,0.5516331195831299,0.5516331195831299,61.13539505004883,61.13539505004883
000007,0.5,3,2,0,1,0.8637778759002686,0.8897743821144104,0.7328658103942871,0.9686934351921082,36.77641232808431,48.3804817199707
000008,0.5,10,10,0,0,0.7961879670619965,0.8338373601436615,0.5039312839508057,0.9519276022911072,24.8489040851593,59.14457321166992
000010,0.5,12,11,1,0,0.8184533168872198,0.830805093050003,0.6540408730506897,0.9570367336273193,24.05218243598938,43.41085433959961
000004,0.5,4,3,1,0,0.7414892315864563,0.7431738972663879,0.5333713293075562,0.9462378025054932,31.81992506980896,53.97893524169922
000009,0.5,1,1,0,0,0.9685437679290771,0.9685437679290771,0.9685437679290771,0.9685437679290771,24.1761531829834,24.1761531829834
000012,0.5,2,1,0,1,0.6764936149120331,0.6764936149120331,0.5843111872673035,0.7686760425567627,37.55169200897217,59.40045928955078
000016,0.5,5,5,0,0,0.819236958026886,0.9207228422164917,0.549105167388916,0.9571163654327393,28.419939708709716,47.33565902709961
000049,0.5,14,12,2,0,0.8894607041563306,0.8892214000225067,0.7735773921012878,0.9640555381774902,18.627754075186594,35.8880500793457
000019,0.5,2,2,0,0,0.777743399143219,0.777743399143219,0.6046916246414185,0.9507951736450195,35.26161861419678,60.011043548583984
